"plate","wellType","row","column","intensity"
"plate01","MISC",1,1,NA
"plate01","MISC",1,2,NA
"plate01","Sample",1,3,-1.12312395
"plate01","Sample",1,4,0.369914162
"plate01","Sample",1,5,0.553250378
"plate01","Sample",1,6,1.393119114
"plate01","Sample",1,7,-0.635494492
"plate01","Sample",1,8,0.177971727
"plate01","Sample",1,9,-1.115220819
"plate01","Sample",1,10,-0.729859236
"plate01","Sample",1,11,0.272239891
"plate01","Sample",1,12,-0.414791827
"plate01","MISC",2,1,NA
"plate01","Negative Control",2,2,-0.405872506
"plate01","Sample",2,3,-1.382155579
"plate01","Sample",2,4,0.062968927
"plate01","Sample",2,5,-1.08051113
"plate01","Sample",2,6,0.104274464
"plate01","Sample",2,7,0.45849936
"plate01","Sample",2,8,-2.215138661
"plate01","Sample",2,9,-0.27731031
"plate01","Sample",2,10,0.082927972
"plate01","Sample",2,11,-1.192905643
"plate01","Sample",2,12,-0.116782114
"plate01","MISC",3,1,NA
"plate01","Negative Control",3,2,-1.085238133
"plate01","Sample",3,3,-0.351021681
"plate01","Sample",3,4,0.146849476
"plate01","Sample",3,5,0.415675728
"plate01","Sample",3,6,0.426742195
"plate01","Sample",3,7,-0.080607453
"plate01","Sample",3,8,-1.553203014
"plate01","Sample",3,9,0.591479487
"plate01","Sample",3,10,-0.953607765
"plate01","Sample",3,11,1.126834242
"plate01","Sample",3,12,-0.020087882
"plate01","MISC",4,1,NA
"plate01","Negative Control",4,2,-0.541894343
"plate01","Sample",4,3,-0.941149412
"plate01","Sample",4,4,-1.5745576
"plate01","Sample",4,5,-0.410331306
"plate01","Sample",4,6,-1.08051113
"plate01","Sample",4,7,-0.994190455
"plate01","Sample",4,8,0.245585178
"plate01","Sample",4,9,-0.261156735
"plate01","Sample",4,10,-0.955166004
"plate01","Sample",4,11,-1.908164579
"plate01","Sample",4,12,0.07295276
"plate01","MISC",5,1,NA
"plate01","Negative Control",5,2,-0.70695827
"plate01","Sample",5,3,-0.908510016
"plate01","Sample",5,4,1.591068304
"plate01","Sample",5,5,0.390737349
"plate01","Sample",5,6,0.349053373
"plate01","Sample",5,7,0.296036823
"plate01","Sample",5,8,0.783431595
"plate01","Sample",5,9,-0.057514978
"plate01","Sample",5,10,0.25120181
"plate01","Sample",5,11,0.361574366
"plate01","Sample",5,12,0.720250624
"plate01","MISC",6,1,NA
"plate01","Negative Control",6,2,-1.536803228
"plate01","Sample",6,3,-2.701423955
"plate01","Sample",6,4,0.550514881
"plate01","Sample",6,5,0.018650797
"plate01","Sample",6,6,0.347661313
"plate01","Sample",6,7,0.468147282
"plate01","Sample",6,8,0.922020027
"plate01","Sample",6,9,1.320404569
"plate01","Sample",6,10,0.648586982
"plate01","Sample",6,11,0.34487669
"plate01","Sample",6,12,1.365108062
"plate01","MISC",7,1,NA
"plate01","Positive Control",7,2,-14.31516527
"plate01","Sample",7,3,-1.448644467
"plate01","Sample",7,4,-0.746682179
"plate01","Sample",7,5,-0.018650797
"plate01","Sample",7,6,0.580569788
"plate01","Sample",7,7,1.199480453
"plate01","Sample",7,8,0.685150424
"plate01","Sample",7,9,0.319784835
"plate01","Sample",7,10,0.090047853
"plate01","Sample",7,11,-0.438610406
"plate01","Sample",7,12,0.647230555
"plate01","MISC",8,1,NA
"plate01","Positive Control",8,2,-13.40118578
"plate01","Sample",8,3,-0.144350817
"plate01","Sample",8,4,-0.643076042
"plate01","Sample",8,5,1.202066531
"plate01","Sample",8,6,0.693259941
"plate01","Sample",8,7,0.953767232
"plate01","Sample",8,8,0.542304499
"plate01","Sample",8,9,0.121323303
"plate01","Sample",8,10,-0.048867187
"plate01","Sample",8,11,-1.091543814
"plate01","Sample",8,12,-0.84196334
"plate02","MISC",1,1,NA
"plate02","MISC",1,2,NA
"plate02","Sample",1,3,-1.06710356
"plate02","Sample",1,4,0.628375786
"plate02","Sample",1,5,-0.026802071
"plate02","Sample",1,6,0.71297077
"plate02","Sample",1,7,0.363084454
"plate02","Sample",1,8,-0.333375097
"plate02","Sample",1,9,0.213900347
"plate02","Sample",1,10,0.533033977
"plate02","Sample",1,11,1.577058293
"plate02","Sample",1,12,0.29920324
"plate02","MISC",2,1,NA
"plate02","Negative Control",2,2,-2.118463152
"plate02","Sample",2,3,0.26190124
"plate02","Sample",2,4,1.525114884
"plate02","Sample",2,5,-0.042890428
"plate02","Sample",2,6,0.72881631
"plate02","Sample",2,7,1.170452454
"plate02","Sample",2,8,0.686550304
"plate02","Sample",2,9,-0.463026448
"plate02","Sample",2,10,0.802695432
"plate02","Sample",2,11,-0.511733045
"plate02","Sample",2,12,0.176534238
"plate02","MISC",3,1,NA
"plate02","Negative Control",3,2,-2.157625527
"plate02","Sample",3,3,0.19788974
"plate02","Sample",3,4,1.081389933
"plate02","Sample",3,5,0.501212682
"plate02","Sample",3,6,0.834324321
"plate02","Sample",3,7,-0.723348358
"plate02","Sample",3,8,-0.652709747
"plate02","Sample",3,9,-3.744200803
"plate02","Sample",3,10,0.554236859
"plate02","Sample",3,11,-0.311799387
"plate02","Sample",3,12,0.474679361
"plate02","MISC",4,1,NA
"plate02","Negative Control",4,2,-3.1639827
"plate02","Sample",4,3,0.04285402
"plate02","Sample",4,4,-1.149301717
"plate02","Sample",4,5,-1.878569008
"plate02","Sample",4,6,0.010717187
"plate02","Sample",4,7,-0.533395754
"plate02","Sample",4,8,0.458752566
"plate02","Sample",4,9,-0.783198017
"plate02","Sample",4,10,0.628375786
"plate02","Sample",4,11,0.823783594
"plate02","Sample",4,12,0.591320148
"plate02","MISC",5,1,NA
"plate02","Negative Control",5,2,-0.734224754
"plate02","Sample",5,3,-0.177163015
"plate02","Sample",5,4,-0.679866562
"plate02","Sample",5,5,-0.446801519
"plate02","Sample",5,6,0.448131867
"plate02","Sample",5,7,0.850131219
"plate02","Sample",5,8,0.760492241
"plate02","Sample",5,9,-0.408963938
"plate02","Sample",5,10,-0.750543813
"plate02","Sample",5,11,0.069618847
"plate02","Sample",5,12,1.64968797
"plate02","MISC",6,1,NA
"plate02","Negative Control",6,2,-2.163222672
"plate02","Sample",6,3,-1.967696716
"plate02","Sample",6,4,-0.783198017
"plate02","Sample",6,5,1.290695304
"plate02","Sample",6,6,-0.166407847
"plate02","Sample",6,7,-1.87300383
"plate02","Sample",6,8,0.139140011
"plate02","Sample",6,9,0.596615503
"plate02","Sample",6,10,0.960638952
"plate02","Sample",6,11,0.325830393
"plate02","Sample",6,12,1.717034898
"plate02","MISC",7,1,NA
"plate02","Positive Control",7,2,-54.30617003
"plate02","Sample",7,3,-17.63367502
"plate02","Sample",7,4,-2.168820448
"plate02","Sample",7,5,-3.987488232
"plate02","Sample",7,6,-0.005359027
"plate02","Sample",7,7,0.165853044
"plate02","Sample",7,8,-0.712474342
"plate02","Sample",7,9,-1.281102225
"plate02","Sample",7,10,-0.016079392
"plate02","Sample",7,11,-0.403560921
"plate02","Sample",7,12,0.628375786
"plate02","MISC",8,1,NA
"plate02","Positive Control",8,2,-46.40203877
"plate02","Sample",8,3,-14.6889027
"plate02","Sample",8,4,-0.609289689
"plate02","Sample",8,5,0.005359027
"plate02","Sample",8,6,0.384359956
"plate02","Sample",8,7,0.892258385
"plate02","Sample",8,8,0.160511586
"plate02","Sample",8,9,-1.484982026
"plate02","Sample",8,10,0.607204519
"plate02","Sample",8,11,-0.658139923
"plate02","Sample",8,12,-0.804979413
"plate03","MISC",1,1,NA
"plate03","MISC",1,2,NA
"plate03","Sample",1,3,-0.788153197
"plate03","Sample",1,4,-1.213786387
"plate03","Sample",1,5,-3.24152814
"plate03","Sample",1,6,0.148419361
"plate03","Sample",1,7,-0.018650229
"plate03","Sample",1,8,0.294722454
"plate03","Sample",1,9,0.09380525
"plate03","Sample",1,10,1.297140274
"plate03","Sample",1,11,1.100707861
"plate03","Sample",1,12,0.443541127
"plate03","MISC",2,1,NA
"plate03","Negative Control",2,2,-0.232883841
"plate03","Sample",2,3,-0.193518264
"plate03","Sample",2,4,-2.084569423
"plate03","Sample",2,5,-1.025932966
"plate03","Sample",2,6,-0.074379787
"plate03","Sample",2,7,0.413179232
"plate03","Sample",2,8,-1.666366824
"plate03","Sample",2,9,-0.321037911
"plate03","Sample",2,10,0.061074844
"plate03","Sample",2,11,-0.271335964
"plate03","Sample",2,12,1.21194583
"plate03","MISC",3,1,NA
"plate03","Negative Control",3,2,-0.594701788
"plate03","Sample",3,3,-0.924042138
"plate03","Sample",3,4,-2.101030339
"plate03","Sample",3,5,-0.443800868
"plate03","Sample",3,6,0.125357282
"plate03","Sample",3,7,-0.373268923
"plate03","Sample",3,8,-1.18668818
"plate03","Sample",3,9,-0.280150117
"plate03","Sample",3,10,0.518962949
"plate03","Sample",3,11,0.555919826
"plate03","Sample",3,12,0.836160674
"plate03","MISC",4,1,NA
"plate03","Negative Control",4,2,-0.458430063
"plate03","Sample",4,3,0.077984091
"plate03","Sample",4,4,-2.246474765
"plate03","Sample",4,5,-0.547889944
"plate03","Sample",4,6,-0.059338786
"plate03","Sample",4,7,-1.72783381
"plate03","Sample",4,8,-0.776441354
"plate03","Sample",4,9,-0.038969547
"plate03","Sample",4,10,1.03606365
"plate03","Sample",4,11,0.927190443
"plate03","Sample",4,12,1.301695916
"plate03","MISC",5,1,NA
"plate03","Negative Control",5,2,0.05260727
"plate03","Sample",5,3,-0.39447734
"plate03","Sample",5,4,-2.603400243
"plate03","Sample",5,5,-0.073304525
"plate03","Sample",5,6,-0.078682233
"plate03","Sample",5,7,0.533965327
"plate03","Sample",5,8,0.018650229
"plate03","Sample",5,9,-0.509269842
"plate03","Sample",5,10,1.031359643
"plate03","Sample",5,11,0.983225701
"plate03","Sample",5,12,1.395890121
"plate03","MISC",6,1,NA
"plate03","Negative Control",6,2,-0.616485031
"plate03","Sample",6,3,-0.42470925
"plate03","Sample",6,4,-0.519475315
"plate03","Sample",6,5,0.423312223
"plate03","Sample",6,6,-0.260331433
"plate03","Sample",6,7,0.054724975
"plate03","Sample",6,8,-0.652149442
"plate03","Sample",6,9,-0.294493132
"plate03","Sample",6,10,-0.343223668
"plate03","Sample",6,11,0.106440476
"plate03","Sample",6,12,1.406690138
"plate03","MISC",7,1,NA
"plate03","Positive Control",7,2,-5.712168219
"plate03","Sample",7,3,-0.113182411
"plate03","Sample",7,4,-0.538786663
"plate03","Sample",7,5,0.048370238
"plate03","Sample",7,6,0.574833856
"plate03","Sample",7,7,0.369465695
"plate03","Sample",7,8,-0.412379236
"plate03","Sample",7,9,0.144231025
"plate03","Sample",7,10,1.244111078
"plate03","Sample",7,11,0.188103385
"plate03","Sample",7,12,1.486354156
"plate03","MISC",8,1,NA
"plate03","Positive Control",8,2,-4.305955455
"plate03","Sample",8,3,1.158367135
"plate03","Sample",8,4,0.932906274
"plate03","Sample",8,5,1.418374303
"plate03","Sample",8,6,1.33351551
"plate03","Sample",8,7,0.849638542
"plate03","Sample",8,8,1.245028254
"plate03","Sample",8,9,1.473873361
"plate03","Sample",8,10,1.553781144
"plate03","Sample",8,11,1.282545376
"plate03","Sample",8,12,0.886111264
"plate04","MISC",1,1,NA
"plate04","MISC",1,2,NA
"plate04","Sample",1,3,-0.443547142
"plate04","Sample",1,4,0
"plate04","Sample",1,5,0.335002228
"plate04","Sample",1,6,-0.768113069
"plate04","Sample",1,7,-1.813112293
"plate04","Sample",1,8,-3.80242463
"plate04","Sample",1,9,-1.099882589
"plate04","Sample",1,10,0.210254504
"plate04","Sample",1,11,1.003897275
"plate04","Sample",1,12,0.373050556
"plate04","MISC",2,1,NA
"plate04","Negative Control",2,2,-0.413912658
"plate04","Sample",2,3,-0.52227612
"plate04","Sample",2,4,-1.063461938
"plate04","Sample",2,5,-1.51022542
"plate04","Sample",2,6,0.775666142
"plate04","Sample",2,7,-1.519598327
"plate04","Sample",2,8,-0.166932818
"plate04","Sample",2,9,-0.214972314
"plate04","Sample",2,10,-0.936683928
"plate04","Sample",2,11,0.576528698
"plate04","Sample",2,12,0.871852097
"plate04","MISC",3,1,NA
"plate04","Negative Control",3,2,0.298517334
"plate04","Sample",3,3,-0.136131607
"plate04","Sample",3,4,-0.202947959
"plate04","Sample",3,5,-0.638500527
"plate04","Sample",3,6,1.304954123
"plate04","Sample",3,7,-0.429594184
"plate04","Sample",3,8,-1.719699556
"plate04","Sample",3,9,-0.532804714
"plate04","Sample",3,10,0.32506063
"plate04","Sample",3,11,0.854264273
"plate04","Sample",3,12,0.238622033
"plate04","MISC",4,1,NA
"plate04","Negative Control",4,2,0.620469606
"plate04","Sample",4,3,0.102973676
"plate04","Sample",4,4,0.005080898
"plate04","Sample",4,5,-1.096236528
"plate04","Sample",4,6,1.192767113
"plate04","Sample",4,7,-1.769192798
"plate04","Sample",4,8,-1.815024767
"plate04","Sample",4,9,-0.481985063
"plate04","Sample",4,10,0.870254059
"plate04","Sample",4,11,0.854264273
"plate04","Sample",4,12,-0.525784827
"plate04","MISC",5,1,NA
"plate04","Negative Control",5,2,-0.567953681
"plate04","Sample",5,3,-0.306329068
"plate04","Sample",5,4,-1.826504748
"plate04","Sample",5,5,0.547162839
"plate04","Sample",5,6,-0.818127188
"plate04","Sample",5,7,0.613967986
"plate04","Sample",5,8,-0.091752713
"plate04","Sample",5,9,-1.264882595
"plate04","Sample",5,10,0.835053927
"plate04","Sample",5,11,0.756354461
"plate04","Sample",5,12,-0.36696654
"plate04","MISC",6,1,NA
"plate04","Negative Control",6,2,0.374702636
"plate04","Sample",6,3,0.75152264
"plate04","Sample",6,4,0.932451311
"plate04","Sample",6,5,1.159886679
"plate04","Sample",6,6,0.516102832
"plate04","Sample",6,7,0.525918229
"plate04","Sample",6,8,1.026055446
"plate04","Sample",6,9,0.406057522
"plate04","Sample",6,10,-0.455766672
"plate04","Sample",6,11,0.238622033
"plate04","Sample",6,12,-0.626130771
"plate04","MISC",7,1,NA
"plate04","Positive Control",7,2,-10.31946428
"plate04","Sample",7,3,-1.698809337
"plate04","Sample",7,4,0.675619501
"plate04","Sample",7,5,0.586304512
"plate04","Sample",7,6,0.844662186
"plate04","Sample",7,7,-1.010809109
"plate04","Sample",7,8,0.168439515
"plate04","Sample",7,9,1.255197143
"plate04","Sample",7,10,0.711196614
"plate04","Sample",7,11,-0.999938536
"plate04","Sample",7,12,-0.929471843
"plate04","MISC",8,1,NA
"plate04","Positive Control",8,2,-11.27500978
"plate04","Sample",8,3,-0.313246629
"plate04","Sample",8,4,-0.52227612
"plate04","Sample",8,5,0.728953469
"plate04","Sample",8,6,0.620469606
"plate04","Sample",8,7,0.543896402
"plate04","Sample",8,8,1.169288471
"plate04","Sample",8,9,1.203711207
"plate04","Sample",8,10,1.41168235
"plate04","Sample",8,11,-0.853954284
"plate04","Sample",8,12,-0.057704529
"plate05","MISC",1,1,NA
"plate05","MISC",1,2,NA
"plate05","Sample",1,3,-0.121914693
"plate05","Sample",1,4,-0.430845578
"plate05","Sample",1,5,0.254028878
"plate05","Sample",1,6,1.012150095
"plate05","Sample",1,7,0.729663951
"plate05","Sample",1,8,-0.106419244
"plate05","Sample",1,9,0.181382142
"plate05","Sample",1,10,0.74771283
"plate05","Sample",1,11,1.378913975
"plate05","Sample",1,12,0.522079376
"plate05","MISC",2,1,NA
"plate05","Negative Control",2,2,0.475497043
"plate05","Sample",2,3,-1.170211228
"plate05","Sample",2,4,-0.297501846
"plate05","Sample",2,5,0.036870701
"plate05","Sample",2,6,0.881750351
"plate05","Sample",2,7,-0.041538495
"plate05","Sample",2,8,-0.64663475
"plate05","Sample",2,9,0.695184726
"plate05","Sample",2,10,-0.309996209
"plate05","Sample",2,11,0.858957947
"plate05","Sample",2,12,1.161266329
"plate05","MISC",3,1,NA
"plate05","Negative Control",3,2,0.792862218
"plate05","Sample",3,3,-2.169323724
"plate05","Sample",3,4,-0.728169495
"plate05","Sample",3,5,-0.519643262
"plate05","Sample",3,6,0.072152495
"plate05","Sample",3,7,0.226839696
"plate05","Sample",3,8,-0.599412657
"plate05","Sample",3,9,-0.490234404
"plate05","Sample",3,10,-3.236382812
"plate05","Sample",3,11,-0.652495094
"plate05","Sample",3,12,1.491271095
"plate05","MISC",4,1,NA
"plate05","Negative Control",4,2,0.881296088
"plate05","Sample",4,3,-0.665720192
"plate05","Sample",4,4,0.725851197
"plate05","Sample",4,5,-1.799525012
"plate05","Sample",4,6,-1.284249692
"plate05","Sample",4,7,-0.537277553
"plate05","Sample",4,8,0.073906428
"plate05","Sample",4,9,0.681191761
"plate05","Sample",4,10,-0.601576887
"plate05","Sample",4,11,-1.268215584
"plate05","Sample",4,12,1.136191392
"plate05","MISC",5,1,NA
"plate05","Negative Control",5,2,1.164178997
"plate05","Sample",5,3,-0.245421989
"plate05","Sample",5,4,0.282632573
"plate05","Sample",5,5,-0.221618391
"plate05","Sample",5,6,-0.288326549
"plate05","Sample",5,7,0.45324776
"plate05","Sample",5,8,0.417744431
"plate05","Sample",5,9,-0.451437825
"plate05","Sample",5,10,-0.295533497
"plate05","Sample",5,11,0.274956663
"plate05","Sample",5,12,1.130732528
"plate05","MISC",6,1,NA
"plate05","Negative Control",6,2,0.537794686
"plate05","Sample",6,3,-0.850596713
"plate05","Sample",6,4,-0.66057061
"plate05","Sample",6,5,-1.29408796
"plate05","Sample",6,6,-1.063424839
"plate05","Sample",6,7,-0.417871941
"plate05","Sample",6,8,-0.732677082
"plate05","Sample",6,9,0.015513626
"plate05","Sample",6,10,0.179686081
"plate05","Sample",6,11,0.000598123
"plate05","Sample",6,12,1.454634657
"plate05","MISC",7,1,NA
"plate05","Positive Control",7,2,-3.182639897
"plate05","Sample",7,3,-0.736438255
"plate05","Sample",7,4,-0.734181022
"plate05","Sample",7,5,-0.257714525
"plate05","Sample",7,6,-0.607355324
"plate05","Sample",7,7,0.486307077
"plate05","Sample",7,8,-0.734181022
"plate05","Sample",7,9,-0.073814651
"plate05","Sample",7,10,-0.057940436
"plate05","Sample",7,11,-0.848257638
"plate05","Sample",7,12,1.026075496
"plate05","MISC",8,1,NA
"plate05","Positive Control",8,2,-3.548346195
"plate05","Sample",8,3,0.271661349
"plate05","Sample",8,4,1.40910909
"plate05","Sample",8,5,0.773187596
"plate05","Sample",8,6,0.993342023
"plate05","Sample",8,7,0.912490104
"plate05","Sample",8,8,0.796596107
"plate05","Sample",8,9,0.929540616
"plate05","Sample",8,10,-0.000598123
"plate05","Sample",8,11,1.314086366
"plate05","Sample",8,12,1.1202085
"plate06","MISC",1,1,NA
"plate06","MISC",1,2,NA
"plate06","Sample",1,3,-0.172811559
"plate06","Sample",1,4,-0.422365533
"plate06","Sample",1,5,0.198080908
"plate06","Sample",1,6,0.877333777
"plate06","Sample",1,7,0.998982928
"plate06","Sample",1,8,-1.72692585
"plate06","Sample",1,9,-0.137757013
"plate06","Sample",1,10,0.571663927
"plate06","Sample",1,11,1.279714056
"plate06","Sample",1,12,1.110843201
"plate06","MISC",2,1,NA
"plate06","Negative Control",2,2,0.884817718
"plate06","Sample",2,3,-1.182658817
"plate06","Sample",2,4,-0.224575639
"plate06","Sample",2,5,-0.790666917
"plate06","Sample",2,6,0.51972388
"plate06","Sample",2,7,-1.259566357
"plate06","Sample",2,8,-0.958212172
"plate06","Sample",2,9,-0.88283937
"plate06","Sample",2,10,-0.41710625
"plate06","Sample",2,11,0.006058589
"plate06","Sample",2,12,1.128420825
"plate06","MISC",3,1,NA
"plate06","Negative Control",3,2,0.752790427
"plate06","Sample",3,3,-1.162530536
"plate06","Sample",3,4,-0.631747651
"plate06","Sample",3,5,-0.053549593
"plate06","Sample",3,6,-0.041961689
"plate06","Sample",3,7,0.040183408
"plate06","Sample",3,8,-0.753591517
"plate06","Sample",3,9,-0.716060364
"plate06","Sample",3,10,0.495556851
"plate06","Sample",3,11,-0.543042212
"plate06","Sample",3,12,1.182156242
"plate06","MISC",4,1,NA
"plate06","Negative Control",4,2,0.698787471
"plate06","Sample",4,3,-0.660445807
"plate06","Sample",4,4,0.939432153
"plate06","Sample",4,5,-0.199669733
"plate06","Sample",4,6,0.079284689
"plate06","Sample",4,7,0.213390372
"plate06","Sample",4,8,0.650261896
"plate06","Sample",4,9,0.379695841
"plate06","Sample",4,10,-0.690167435
"plate06","Sample",4,11,-1.099182321
"plate06","Sample",4,12,0.755001053
"plate06","MISC",5,1,NA
"plate06","Negative Control",5,2,0.6194744
"plate06","Sample",5,3,-1.56436733
"plate06","Sample",5,4,0.186558427
"plate06","Sample",5,5,-0.688554937
"plate06","Sample",5,6,0.058126878
"plate06","Sample",5,7,1.367790164
"plate06","Sample",5,8,-0.686943119
"plate06","Sample",5,9,-1.041284631
"plate06","Sample",5,10,-0.056281273
"plate06","Sample",5,11,-0.911784724
"plate06","Sample",5,12,0.881612109
"plate06","MISC",6,1,NA
"plate06","Negative Control",6,2,0.851023961
"plate06","Sample",6,3,-0.887931469
"plate06","Sample",6,4,-0.191875568
"plate06","Sample",6,5,-0.046728924
"plate06","Sample",6,6,0.078625277
"plate06","Sample",6,7,1.556936064
"plate06","Sample",6,8,-0.631747651
"plate06","Sample",6,9,0.610304342
"plate06","Sample",6,10,-0.658046046
"plate06","Sample",6,11,-1.410389109
"plate06","Sample",6,12,0.966710818
"plate06","MISC",7,1,NA
"plate06","Positive Control",7,2,-5.93599642
"plate06","Sample",7,3,0.101637251
"plate06","Sample",7,4,-1.371639781
"plate06","Sample",7,5,-0.27994677
"plate06","Sample",7,6,0.878403809
"plate06","Sample",7,7,1.065268819
"plate06","Sample",7,8,0.138819814
"plate06","Sample",7,9,-0.006058589
"plate06","Sample",7,10,0.953620376
"plate06","Sample",7,11,-1.051021247
"plate06","Sample",7,12,0.209568752
"plate06","MISC",8,1,NA
"plate06","Positive Control",8,2,-7.190618647
"plate06","Sample",8,3,-0.254678577
"plate06","Sample",8,4,1.021206218
"plate06","Sample",8,5,0.122556194
"plate06","Sample",8,6,0.982360388
"plate06","Sample",8,7,-1.177158763
"plate06","Sample",8,8,-0.00875652
"plate06","Sample",8,9,0.317014709
"plate06","Sample",8,10,0.032181409
"plate06","Sample",8,11,0.161473229
"plate06","Sample",8,12,1.168793057
"plate07","MISC",1,1,NA
"plate07","MISC",1,2,NA
"plate07","Sample",1,3,-1.523380357
"plate07","Sample",1,4,-1.253166097
"plate07","Sample",1,5,-1.881993763
"plate07","Sample",1,6,-1.308943841
"plate07","Sample",1,7,-0.467960839
"plate07","Sample",1,8,-0.260098574
"plate07","Sample",1,9,-0.462761928
"plate07","Sample",1,10,0.225056009
"plate07","Sample",1,11,0.014150815
"plate07","Sample",1,12,1.355199704
"plate07","MISC",2,1,NA
"plate07","Negative Control",2,2,-2.821774177
"plate07","Sample",2,3,-1.292182329
"plate07","Sample",2,4,-0.338682235
"plate07","Sample",2,5,0.216889116
"plate07","Sample",2,6,-0.646125121
"plate07","Sample",2,7,-2.061568784
"plate07","Sample",2,8,-1.511994818
"plate07","Sample",2,9,-1.897669562
"plate07","Sample",2,10,-0.014150815
"plate07","Sample",2,11,-0.859296025
"plate07","Sample",2,12,1.569460534
"plate07","MISC",3,1,NA
"plate07","Negative Control",3,2,-2.0119573
"plate07","Sample",3,3,-2.11938528
"plate07","Sample",3,4,-0.359270204
"plate07","Sample",3,5,-0.674322511
"plate07","Sample",3,6,-0.670794085
"plate07","Sample",3,7,-1.047267994
"plate07","Sample",3,8,-0.684914234
"plate07","Sample",3,9,-1.230929905
"plate07","Sample",3,10,-0.429889509
"plate07","Sample",3,11,-0.277136736
"plate07","Sample",3,12,0.014150815
"plate07","MISC",4,1,NA
"plate07","Negative Control",4,2,-0.467960839
"plate07","Sample",4,3,-1.255021039
"plate07","Sample",4,4,0.044042149
"plate07","Sample",4,5,-0.50963625
"plate07","Sample",4,6,-0.141527289
"plate07","Sample",4,7,-0.28225307
"plate07","Sample",4,8,-0.488779822
"plate07","Sample",4,9,-0.318130753
"plate07","Sample",4,10,-0.074312665
"plate07","Sample",4,11,0.623081563
"plate07","Sample",4,12,1.155003175
"plate07","MISC",5,1,NA
"plate07","Negative Control",5,2,-0.591687028
"plate07","Sample",5,3,-0.107871278
"plate07","Sample",5,4,0.083777781
"plate07","Sample",5,5,-0.195580914
"plate07","Sample",5,6,0.116787113
"plate07","Sample",5,7,1.023149589
"plate07","Sample",5,8,-0.166833557
"plate07","Sample",5,9,-0.319841986
"plate07","Sample",5,10,-0.040850888
"plate07","Sample",5,11,0.141482595
"plate07","Sample",5,12,2.41875025
"plate07","MISC",6,1,NA
"plate07","Negative Control",6,2,0.510519586
"plate07","Sample",6,3,0.534391489
"plate07","Sample",6,4,0.207081246
"plate07","Sample",6,5,0.382366099
"plate07","Sample",6,6,-0.05255153
"plate07","Sample",6,7,0.366246871
"plate07","Sample",6,8,0.101944541
"plate07","Sample",6,9,0.189078578
"plate07","Sample",6,10,0.184163905
"plate07","Sample",6,11,0.260922163
"plate07","Sample",6,12,1.725445752
"plate07","MISC",7,1,NA
"plate07","Positive Control",7,2,-9.982677483
"plate07","Sample",7,3,1.365563343
"plate07","Sample",7,4,1.212127284
"plate07","Sample",7,5,0.942083897
"plate07","Sample",7,6,0.684449595
"plate07","Sample",7,7,0.621503745
"plate07","Sample",7,8,0.926724728
"plate07","Sample",7,9,1.129356264
"plate07","Sample",7,10,0.704833647
"plate07","Sample",7,11,0.500957048
"plate07","Sample",7,12,1.628924487
"plate07","MISC",8,1,NA
"plate07","Positive Control",8,2,-4.958536522
"plate07","Sample",8,3,0.869718261
"plate07","Sample",8,4,1.618793667
"plate07","Sample",8,5,1.560732859
"plate07","Sample",8,6,1.918933151
"plate07","Sample",8,7,2.240354582
"plate07","Sample",8,8,1.82686022
"plate07","Sample",8,9,1.896336782
"plate07","Sample",8,10,2.251328011
"plate07","Sample",8,11,2.739942664
"plate07","Sample",8,12,2.296483963
"plate08","MISC",1,1,NA
"plate08","MISC",1,2,NA
"plate08","Sample",1,3,-1.832134583
"plate08","Sample",1,4,-1.184814936
"plate08","Sample",1,5,-0.623394194
"plate08","Sample",1,6,0.147750251
"plate08","Sample",1,7,0.147750251
"plate08","Sample",1,8,1.486037533
"plate08","Sample",1,9,-1.655684284
"plate08","Sample",1,10,-0.532594357
"plate08","Sample",1,11,-0.30738062
"plate08","Sample",1,12,1.307788809
"plate08","MISC",2,1,NA
"plate08","Negative Control",2,2,-2.118820506
"plate08","Sample",2,3,-0.706990774
"plate08","Sample",2,4,-0.841986911
"plate08","Sample",2,5,-1.45177249
"plate08","Sample",2,6,0.78453343
"plate08","Sample",2,7,-1.117332583
"plate08","Sample",2,8,-0.970181825
"plate08","Sample",2,9,-1.070746948
"plate08","Sample",2,10,-0.439699545
"plate08","Sample",2,11,-1.52832679
"plate08","Sample",2,12,-0.507445107
"plate08","MISC",3,1,NA
"plate08","Negative Control",3,2,-0.349727328
"plate08","Sample",3,3,-0.394662884
"plate08","Sample",3,4,-2.067130444
"plate08","Sample",3,5,0.749158543
"plate08","Sample",3,6,-0.636037922
"plate08","Sample",3,7,-2.14062474
"plate08","Sample",3,8,-1.325701781
"plate08","Sample",3,9,-0.77055477
"plate08","Sample",3,10,-1.653022721
"plate08","Sample",3,11,-1.140666122
"plate08","Sample",3,12,1.118671675
"plate08","MISC",4,1,NA
"plate08","Negative Control",4,2,-0.806238975
"plate08","Sample",4,3,0.288335056
"plate08","Sample",4,4,-0.447215517
"plate08","Sample",4,5,-0.357209586
"plate08","Sample",4,6,0.336584532
"plate08","Sample",4,7,-0.203141824
"plate08","Sample",4,8,-0.424676063
"plate08","Sample",4,9,2.704066934
"plate08","Sample",4,10,-0.484837767
"plate08","Sample",4,11,0.326943937
"plate08","Sample",4,12,-1.393891498
"plate08","MISC",5,1,NA
"plate08","Negative Control",5,2,0.042882479
"plate08","Sample",5,3,0.113667538
"plate08","Sample",5,4,-1.28124147
"plate08","Sample",5,5,0.473460869
"plate08","Sample",5,6,0.394330797
"plate08","Sample",5,7,1.174208225
"plate08","Sample",5,8,-0.042882479
"plate08","Sample",5,9,-0.424676063
"plate08","Sample",5,10,-0.082212046
"plate08","Sample",5,11,0.391928026
"plate08","Sample",5,12,1.759448176
"plate08","MISC",6,1,NA
"plate08","Negative Control",6,2,0.103918952
"plate08","Sample",6,3,1.100125197
"plate08","Sample",6,4,-0.327297323
"plate08","Sample",6,5,0.590382938
"plate08","Sample",6,6,0.435133839
"plate08","Sample",6,7,0.561812048
"plate08","Sample",6,8,-0.537628001
"plate08","Sample",6,9,0.218166078
"plate08","Sample",6,10,0.312474332
"plate08","Sample",6,11,0.264166633
"plate08","Sample",6,12,0.775106238
"plate08","MISC",7,1,NA
"plate08","Positive Control",7,2,-21.30244346
"plate08","Sample",7,3,0.259329445
"plate08","Sample",7,4,-0.957325324
"plate08","Sample",7,5,0.817493682
"plate08","Sample",7,6,0.39673328
"plate08","Sample",7,7,0.461491554
"plate08","Sample",7,8,1.488312499
"plate08","Sample",7,9,1.144145056
"plate08","Sample",7,10,-0.84454278
"plate08","Sample",7,11,1.799803604
"plate08","Sample",7,12,0.485423031
"plate08","MISC",8,1,NA
"plate08","Positive Control",8,2,-26.58812496
"plate08","Sample",8,3,0.39673328
"plate08","Sample",8,4,0.490205895
"plate08","Sample",8,5,0.880907018
"plate08","Sample",8,6,0.502158057
"plate08","Sample",8,7,0.528427719
"plate08","Sample",8,8,0.652146981
"plate08","Sample",8,9,3.094144573
"plate08","Sample",8,10,0.578483356
"plate08","Sample",8,11,1.951527372
"plate08","Sample",8,12,-2.315919
"plate09","MISC",1,1,NA
"plate09","MISC",1,2,NA
"plate09","Sample",1,3,-0.066316162
"plate09","Sample",1,4,-1.216213049
"plate09","Sample",1,5,-1.382524131
"plate09","Sample",1,6,-0.790096546
"plate09","Sample",1,7,-0.887446353
"plate09","Sample",1,8,0.696463489
"plate09","Sample",1,9,-1.306862432
"plate09","Sample",1,10,-1.484037883
"plate09","Sample",1,11,-2.043491385
"plate09","Sample",1,12,-2.16835368
"plate09","MISC",2,1,NA
"plate09","Negative Control",2,2,-1.101325371
"plate09","Sample",2,3,-1.103232565
"plate09","Sample",2,4,0.652711034
"plate09","Sample",2,5,-0.496506512
"plate09","Sample",2,6,0.23366713
"plate09","Sample",2,7,0.020293965
"plate09","Sample",2,8,1.364341189
"plate09","Sample",2,9,-3.072376029
"plate09","Sample",2,10,-1.843155146
"plate09","Sample",2,11,-0.253708207
"plate09","Sample",2,12,-0.764000658
"plate09","MISC",3,1,NA
"plate09","Negative Control",3,2,-0.340204116
"plate09","Sample",3,3,0.476339984
"plate09","Sample",3,4,-0.717519854
"plate09","Sample",3,5,0.404487306
"plate09","Sample",3,6,0.488280148
"plate09","Sample",3,7,0.378737232
"plate09","Sample",3,8,0.952883536
"plate09","Sample",3,9,0.197166749
"plate09","Sample",3,10,-1.193161001
"plate09","Sample",3,11,-2.991533985
"plate09","Sample",3,12,-2.176579872
"plate09","MISC",4,1,NA
"plate09","Negative Control",4,2,0.527441546
"plate09","Sample",4,3,-0.151674245
"plate09","Sample",4,4,-0.325751479
"plate09","Sample",4,5,-1.034734494
"plate09","Sample",4,6,-0.320335531
"plate09","Sample",4,7,-0.020293965
"plate09","Sample",4,8,0.542736208
"plate09","Sample",4,9,0.850205886
"plate09","Sample",4,10,-1.753019617
"plate09","Sample",4,11,-0.684147671
"plate09","Sample",4,12,-0.221407648
"plate09","MISC",5,1,NA
"plate09","Negative Control",5,2,0.088852833
"plate09","Sample",5,3,-1.164398489
"plate09","Sample",5,4,-0.669340738
"plate09","Sample",5,5,-1.03283648
"plate09","Sample",5,6,-0.025596609
"plate09","Sample",5,7,0.800255236
"plate09","Sample",5,8,1.261378606
"plate09","Sample",5,9,0.904949335
"plate09","Sample",5,10,0.346053269
"plate09","Sample",5,11,0.165805829
"plate09","Sample",5,12,0.113383161
"plate09","MISC",6,1,NA
"plate09","Negative Control",6,2,0.929763096
"plate09","Sample",6,3,0.256215658
"plate09","Sample",6,4,0.28564825
"plate09","Sample",6,5,-0.182028746
"plate09","Sample",6,6,0.552923502
"plate09","Sample",6,7,-0.055682403
"plate09","Sample",6,8,0.402772087
"plate09","Sample",6,9,0.228458533
"plate09","Sample",6,10,-1.773000329
"plate09","Sample",6,11,0.062523212
"plate09","Sample",6,12,-0.476418088
"plate09","MISC",7,1,NA
"plate09","Positive Control",7,2,-6.911072491
"plate09","Sample",7,3,-1.206603479
"plate09","Sample",7,4,0.088852833
"plate09","Sample",7,5,0.259681485
"plate09","Sample",7,6,0.586828439
"plate09","Sample",7,7,0.454138712
"plate09","Sample",7,8,0.863496426
"plate09","Sample",7,9,0.547830769
"plate09","Sample",7,10,-0.224992971
"plate09","Sample",7,11,-0.893083111
"plate09","Sample",7,12,-0.075183717
"plate09","MISC",8,1,NA
"plate09","Positive Control",8,2,-10.48774203
"plate09","Sample",8,3,0.157082152
"plate09","Sample",8,4,0.1291303
"plate09","Sample",8,5,0.141366009
"plate09","Sample",8,6,0.694783194
"plate09","Sample",8,7,0.344330974
"plate09","Sample",8,8,0.901637553
"plate09","Sample",8,9,0.132627293
"plate09","Sample",8,10,1.361134888
"plate09","Sample",8,11,0.457556553
"plate09","Sample",8,12,0.413060294
"plate10","MISC",1,1,NA
"plate10","MISC",1,2,NA
"plate10","Sample",1,3,-0.115897429
"plate10","Sample",1,4,0.066906722
"plate10","Sample",1,5,-0.221606254
"plate10","Sample",1,6,0.442733717
"plate10","Sample",1,7,0.606774772
"plate10","Sample",1,8,-0.960340947
"plate10","Sample",1,9,-0.110771205
"plate10","Sample",1,10,0.323607772
"plate10","Sample",1,11,0.673011904
"plate10","Sample",1,12,0.210383536
"plate10","MISC",2,1,NA
"plate10","Negative Control",2,2,1.97411459
"plate10","Sample",2,3,0.129557387
"plate10","Sample",2,4,0.124560681
"plate10","Sample",2,5,0.315040689
"plate10","Sample",2,6,0.881655165
"plate10","Sample",2,7,1.538287321
"plate10","Sample",2,8,-0.151859541
"plate10","Sample",2,9,-0.144141776
"plate10","Sample",2,10,0.051808183
"plate10","Sample",2,11,1.27337916
"plate10","Sample",2,12,-0.059662234
"plate10","MISC",3,1,NA
"plate10","Negative Control",3,2,0.919619284
"plate10","Sample",3,3,-0.365305153
"plate10","Sample",3,4,-0.181503187
"plate10","Sample",3,5,0.138295231
"plate10","Sample",3,6,-0.841880288
"plate10","Sample",3,7,-0.139000119
"plate10","Sample",3,8,0.193033494
"plate10","Sample",3,9,-1.39814239
"plate10","Sample",3,10,-0.739952363
"plate10","Sample",3,11,-1.06470197
"plate10","Sample",3,12,-0.040567832
"plate10","MISC",4,1,NA
"plate10","Negative Control",4,2,1.707664832
"plate10","Sample",4,3,-0.896047426
"plate10","Sample",4,4,-0.675783975
"plate10","Sample",4,5,0.026589897
"plate10","Sample",4,6,-0.03548254
"plate10","Sample",4,7,-1.976918415
"plate10","Sample",4,8,0.115810046
"plate10","Sample",4,9,-0.257976122
"plate10","Sample",4,10,-0.488534784
"plate10","Sample",4,11,-1.016608295
"plate10","Sample",4,12,0.673011904
"plate10","MISC",5,1,NA
"plate10","Negative Control",5,2,1.970008905
"plate10","Sample",5,3,1.193431394
"plate10","Sample",5,4,0.974567366
"plate10","Sample",5,5,1.118419376
"plate10","Sample",5,6,0.197993919
"plate10","Sample",5,7,0.792470962
"plate10","Sample",5,8,0.894326926
"plate10","Sample",5,9,1.029195903
"plate10","Sample",5,10,-2.474315979
"plate10","Sample",5,11,0.33949737
"plate10","Sample",5,12,0.284380025
"plate10","MISC",6,1,NA
"plate10","Negative Control",6,2,1.944307642
"plate10","Sample",6,3,-0.559492394
"plate10","Sample",6,4,-0.252771798
"plate10","Sample",6,5,0.37119616
"plate10","Sample",6,6,-0.194420963
"plate10","Sample",6,7,-1.076054003
"plate10","Sample",6,8,-0.855739549
"plate10","Sample",6,9,-1.534308336
"plate10","Sample",6,10,-1.458581364
"plate10","Sample",6,11,-2.375967785
"plate10","Sample",6,12,0.254851338
"plate10","MISC",7,1,NA
"plate10","Positive Control",7,2,-6.319497016
"plate10","Sample",7,3,1.009884608
"plate10","Sample",7,4,0.52571097
"plate10","Sample",7,5,0.971142511
"plate10","Sample",7,6,-0.026589897
"plate10","Sample",7,7,-1.464498722
"plate10","Sample",7,8,-0.755034007
"plate10","Sample",7,9,0.034162494
"plate10","Sample",7,10,-1.204718702
"plate10","Sample",7,11,1.034868149
"plate10","Sample",7,12,-0.960340947
"plate10","MISC",8,1,NA
"plate10","Positive Control",8,2,-7.593025161
"plate10","Sample",8,3,0.79828792
"plate10","Sample",8,4,0.575862334
"plate10","Sample",8,5,-0.70030734
"plate10","Sample",8,6,-1.258129651
"plate10","Sample",8,7,-0.068586254
"plate10","Sample",8,8,-0.805941611
"plate10","Sample",8,9,-1.648301311
"plate10","Sample",8,10,1.442128138
"plate10","Sample",8,11,0.30278843
"plate10","Sample",8,12,0.240052114
"plate11","MISC",1,1,NA
"plate11","MISC",1,2,NA
"plate11","Sample",1,3,-1.201699346
"plate11","Sample",1,4,-0.145543732
"plate11","Sample",1,5,-1.589287218
"plate11","Sample",1,6,0.058579203
"plate11","Sample",1,7,-0.322054856
"plate11","Sample",1,8,-0.134012868
"plate11","Sample",1,9,-0.906559772
"plate11","Sample",1,10,-0.35632212
"plate11","Sample",1,11,-0.761208203
"plate11","Sample",1,12,-0.348891398
"plate11","MISC",2,1,NA
"plate11","Negative Control",2,2,-0.850351166
"plate11","Sample",2,3,-2.403826634
"plate11","Sample",2,4,-0.434129993
"plate11","Sample",2,5,-1.09356801
"plate11","Sample",2,6,0.577218623
"plate11","Sample",2,7,0.660750641
"plate11","Sample",2,8,-1.877353817
"plate11","Sample",2,9,-0.93703074
"plate11","Sample",2,10,-0.051482049
"plate11","Sample",2,11,-0.570365891
"plate11","Sample",2,12,-0.60457198
"plate11","MISC",3,1,NA
"plate11","Negative Control",3,2,-0.017668946
"plate11","Sample",3,3,0.361924196
"plate11","Sample",3,4,1.039996719
"plate11","Sample",3,5,-1.81700871
"plate11","Sample",3,6,0.533729153
"plate11","Sample",3,7,0.100027106
"plate11","Sample",3,8,0.366695602
"plate11","Sample",3,9,0.489826079
"plate11","Sample",3,10,0.584048084
"plate11","Sample",3,11,0.201635549
"plate11","Sample",3,12,-1.132996021
"plate11","MISC",4,1,NA
"plate11","Negative Control",4,2,-0.739946396
"plate11","Sample",4,3,-0.274321399
"plate11","Sample",4,4,0.65328688
"plate11","Sample",4,5,-0.806076843
"plate11","Sample",4,6,0.405478584
"plate11","Sample",4,7,-0.094319287
"plate11","Sample",4,8,-1.379228802
"plate11","Sample",4,9,0.424356109
"plate11","Sample",4,10,-0.294456119
"plate11","Sample",4,11,-1.662719333
"plate11","Sample",4,12,0.492920656
"plate11","MISC",5,1,NA
"plate11","Negative Control",5,2,-0.642988304
"plate11","Sample",5,3,-0.18389079
"plate11","Sample",5,4,-0.20453352
"plate11","Sample",5,5,1.024858925
"plate11","Sample",5,6,-1.217355535
"plate11","Sample",5,7,0.559719517
"plate11","Sample",5,8,0.742797982
"plate11","Sample",5,9,-0.221656109
"plate11","Sample",5,10,0.49601316
"plate11","Sample",5,11,-1.00606729
"plate11","Sample",5,12,-1.333053524
"plate11","MISC",6,1,NA
"plate11","Negative Control",6,2,0.007314546
"plate11","Sample",6,3,0.114320478
"plate11","Sample",6,4,0.694929359
"plate11","Sample",6,5,1.354000636
"plate11","Sample",6,6,0.211510066
"plate11","Sample",6,7,1.17404842
"plate11","Sample",6,8,0.137766452
"plate11","Sample",6,9,-0.482598392
"plate11","Sample",6,10,-0.007314546
"plate11","Sample",6,11,-1.381549734
"plate11","Sample",6,12,1.526582232
"plate11","MISC",7,1,NA
"plate11","Positive Control",7,2,-6.633007375
"plate11","Sample",7,3,0.449406657
"plate11","Sample",7,4,0.870686478
"plate11","Sample",7,5,-0.116329127
"plate11","Sample",7,6,0.474322001
"plate11","Sample",7,7,1.204642309
"plate11","Sample",7,8,-0.96240109
"plate11","Sample",7,9,0.827730197
"plate11","Sample",7,10,0.832762409
"plate11","Sample",7,11,0.297022818
"plate11","Sample",7,12,0.681585199
"plate11","MISC",8,1,NA
"plate11","Positive Control",8,2,-5.499079312
"plate11","Sample",8,3,0.750849944
"plate11","Sample",8,4,0.668946864
"plate11","Sample",8,5,1.149292307
"plate11","Sample",8,6,1.708422792
"plate11","Sample",8,7,0.078080693
"plate11","Sample",8,8,0.89626968
"plate11","Sample",8,9,1.145265262
"plate11","Sample",8,10,0.051776719
"plate11","Sample",8,11,0.855697205
"plate11","Sample",8,12,-1.163896777
"plate12","MISC",1,1,NA
"plate12","MISC",1,2,NA
"plate12","Sample",1,3,-0.948435284
"plate12","Sample",1,4,-0.379264757
"plate12","Sample",1,5,-0.25573976
"plate12","Sample",1,6,0.965802585
"plate12","Sample",1,7,-0.878450501
"plate12","Sample",1,8,0.718097882
"plate12","Sample",1,9,-1.113537057
"plate12","Sample",1,10,0.899945269
"plate12","Sample",1,11,0.628427343
"plate12","Sample",1,12,0.97238047
"plate12","MISC",2,1,NA
"plate12","Negative Control",2,2,0.688237108
"plate12","Sample",2,3,-5.278727259
"plate12","Sample",2,4,-0.010186713
"plate12","Sample",2,5,-0.372389062
"plate12","Sample",2,6,-0.067985746
"plate12","Sample",2,7,-0.537836855
"plate12","Sample",2,8,-0.718094846
"plate12","Sample",2,9,-0.430882141
"plate12","Sample",2,10,1.20497721
"plate12","Sample",2,11,0.777731506
"plate12","Sample",2,12,1.548952951
"plate12","MISC",3,1,NA
"plate12","Negative Control",3,2,-1.092410197
"plate12","Sample",3,3,-1.311432977
"plate12","Sample",3,4,-0.496390341
"plate12","Sample",3,5,-0.756363816
"plate12","Sample",3,6,-1.166418591
"plate12","Sample",3,7,0.807504469
"plate12","Sample",3,8,-0.05097461
"plate12","Sample",3,9,0.521807199
"plate12","Sample",3,10,2.272732307
"plate12","Sample",3,11,0.064449135
"plate12","Sample",3,12,0.721413935
"plate12","MISC",4,1,NA
"plate12","Negative Control",4,2,0.061060572
"plate12","Sample",4,3,-0.115667674
"plate12","Sample",4,4,-0.211256682
"plate12","Sample",4,5,1.299471529
"plate12","Sample",4,6,0.605136147
"plate12","Sample",4,7,1.506976229
"plate12","Sample",4,8,-1.732697265
"plate12","Sample",4,9,0.182811293
"plate12","Sample",4,10,-0.272865998
"plate12","Sample",4,11,0.142281921
"plate12","Sample",4,12,-0.551664937
"plate12","MISC",5,1,NA
"plate12","Negative Control",5,2,0.293989013
"plate12","Sample",5,3,-0.634765898
"plate12","Sample",5,4,-1.120582611
"plate12","Sample",5,5,0.246872399
"plate12","Sample",5,6,-0.503294167
"plate12","Sample",5,7,0.611792597
"plate12","Sample",5,8,0.010186713
"plate12","Sample",5,9,-0.027175014
"plate12","Sample",5,10,1.224551893
"plate12","Sample",5,11,-0.327734943
"plate12","Sample",5,12,0.408111702
"plate12","MISC",6,1,NA
"plate12","Negative Control",6,2,-1.067780751
"plate12","Sample",6,3,-0.252315671
"plate12","Sample",6,4,1.12982384
"plate12","Sample",6,5,0.344390123
"plate12","Sample",6,6,-0.293430239
"plate12","Sample",6,7,1.120007503
"plate12","Sample",6,8,0.37794446
"plate12","Sample",6,9,-0.613969333
"plate12","Sample",6,10,0.718097882
"plate12","Sample",6,11,0.764489704
"plate12","Sample",6,12,1.445521092
"plate12","MISC",7,1,NA
"plate12","Positive Control",7,2,-29.83074099
"plate12","Sample",7,3,-3.623767385
"plate12","Sample",7,4,-2.434561811
"plate12","Sample",7,5,-1.952782128
"plate12","Sample",7,6,1.001963334
"plate12","Sample",7,7,0.21317287
"plate12","Sample",7,8,-1.703951603
"plate12","Sample",7,9,-1.603555489
"plate12","Sample",7,10,-0.057777921
"plate12","Sample",7,11,0.431554415
"plate12","Sample",7,12,0.90653743
"plate12","MISC",8,1,NA
"plate12","Positive Control",8,2,-24.87273918
"plate12","Sample",8,3,-11.18225148
"plate12","Sample",8,4,-0.551664937
"plate12","Sample",8,5,0.253607821
"plate12","Sample",8,6,1.561857203
"plate12","Sample",8,7,0.320880013
"plate12","Sample",8,8,0.988818951
"plate12","Sample",8,9,2.171740086
"plate12","Sample",8,10,1.299471529
"plate12","Sample",8,11,1.377452015
"plate12","Sample",8,12,-0.023776594
"plate13","MISC",1,1,NA
"plate13","MISC",1,2,NA
"plate13","Sample",1,3,0.125357282
"plate13","Sample",1,4,-0.821034649
"plate13","Sample",1,5,0.588742951
"plate13","Sample",1,6,-0.3866574
"plate13","Sample",1,7,-0.218646923
"plate13","Sample",1,8,-0.761240651
"plate13","Sample",1,9,0.076928273
"plate13","Sample",1,10,0.321420659
"plate13","Sample",1,11,0.3551835
"plate13","Sample",1,12,1.074536166
"plate13","MISC",2,1,NA
"plate13","Negative Control",2,2,-0.351002729
"plate13","Sample",2,3,-3.029968732
"plate13","Sample",2,4,-0.711159031
"plate13","Sample",2,5,-0.345445512
"plate13","Sample",2,6,-1.501241719
"plate13","Sample",2,7,-2.106524582
"plate13","Sample",2,8,0.704079813
"plate13","Sample",2,9,-1.769945963
"plate13","Sample",2,10,0.04413104
"plate13","Sample",2,11,-1.77126542
"plate13","Sample",2,12,0.507943925
"plate13","MISC",3,1,NA
"plate13","Negative Control",3,2,-0.259231783
"plate13","Sample",3,3,-2.847678965
"plate13","Sample",3,4,-0.156510507
"plate13","Sample",3,5,-2.988602679
"plate13","Sample",3,6,-2.154755156
"plate13","Sample",3,7,-0.979027542
"plate13","Sample",3,8,-0.828097672
"plate13","Sample",3,9,-0.600428674
"plate13","Sample",3,10,-1.329326661
"plate13","Sample",3,11,-0.907379575
"plate13","Sample",3,12,-0.59928298
"plate13","MISC",4,1,NA
"plate13","Negative Control",4,2,-0.516072095
"plate13","Sample",4,3,-0.919277988
"plate13","Sample",4,4,-0.511536639
"plate13","Sample",4,5,-0.467445491
"plate13","Sample",4,6,-1.428754671
"plate13","Sample",4,7,-0.235076307
"plate13","Sample",4,8,-1.162130069
"plate13","Sample",4,9,-0.355451187
"plate13","Sample",4,10,-0.121829935
"plate13","Sample",4,11,-0.405661494
"plate13","Sample",4,12,-0.067930302
"plate13","MISC",5,1,NA
"plate13","Negative Control",5,2,0.016523289
"plate13","Sample",5,3,-0.538786663
"plate13","Sample",5,4,-0.115343447
"plate13","Sample",5,5,0.620447817
"plate13","Sample",5,6,-0.617633105
"plate13","Sample",5,7,-0.261431229
"plate13","Sample",5,8,-0.096992576
"plate13","Sample",5,9,-0.851684636
"plate13","Sample",5,10,-1.185458546
"plate13","Sample",5,11,-1.640348248
"plate13","Sample",5,12,0.696244432
"plate13","MISC",6,1,NA
"plate13","Negative Control",6,2,0.662861201
"plate13","Sample",6,3,-0.049683961
"plate13","Sample",6,4,-0.112102105
"plate13","Sample",6,5,0.598663752
"plate13","Sample",6,6,0.011203551
"plate13","Sample",6,7,-0.072229401
"plate13","Sample",6,8,-0.218646923
"plate13","Sample",6,9,0.050489025
"plate13","Sample",6,10,-1.021109922
"plate13","Sample",6,11,0.003750178
"plate13","Sample",6,12,0.367426887
"plate13","MISC",7,1,NA
"plate13","Positive Control",7,2,-4.556935815
"plate13","Sample",7,3,-0.829275428
"plate13","Sample",7,4,0.379652221
"plate13","Sample",7,5,0.371504002
"plate13","Sample",7,6,0.385758134
"plate13","Sample",7,7,0.261744661
"plate13","Sample",7,8,-0.596992068
"plate13","Sample",7,9,-0.516072095
"plate13","Sample",7,10,-0.614189361
"plate13","Sample",7,11,-0.419102425
"plate13","Sample",7,12,-0.081910533
"plate13","MISC",8,1,NA
"plate13","Positive Control",8,2,-5.693086939
"plate13","Sample",8,3,0.190186766
"plate13","Sample",8,4,1.094172678
"plate13","Sample",8,5,1.359788116
"plate13","Sample",8,6,1.115626105
"plate13","Sample",8,7,1.206419235
"plate13","Sample",8,8,0.746068587
"plate13","Sample",8,9,0.25451325
"plate13","Sample",8,10,1.066106259
"plate13","Sample",8,11,0.226561431
"plate13","Sample",8,12,0.383723329
"plate14","MISC",1,1,NA
"plate14","MISC",1,2,NA
"plate14","Sample",1,3,1.090028045
"plate14","Sample",1,4,1.142361645
"plate14","Sample",1,5,1.414901148
"plate14","Sample",1,6,1.055874728
"plate14","Sample",1,7,-1.159744846
"plate14","Sample",1,8,0.234036124
"plate14","Sample",1,9,0.601132516
"plate14","Sample",1,10,0.913457611
"plate14","Sample",1,11,-0.473944895
"plate14","Sample",1,12,0.174766634
"plate14","MISC",2,1,NA
"plate14","Negative Control",2,2,0.492458502
"plate14","Sample",2,3,-0.061199736
"plate14","Sample",2,4,0.253662323
"plate14","Sample",2,5,1.822004142
"plate14","Sample",2,6,-1.032593593
"plate14","Sample",2,7,-2.406973242
"plate14","Sample",2,8,0.598721081
"plate14","Sample",2,9,0.92336327
"plate14","Sample",2,10,-0.034316312
"plate14","Sample",2,11,0.839793795
"plate14","Sample",2,12,1.407184566
"plate14","MISC",3,1,NA
"plate14","Negative Control",3,2,-0.667646736
"plate14","Sample",3,3,0.276619586
"plate14","Sample",3,4,-0.450888101
"plate14","Sample",3,5,-0.517418354
"plate14","Sample",3,6,-3.168636757
"plate14","Sample",3,7,-2.732596989
"plate14","Sample",3,8,-1.981799574
"plate14","Sample",3,9,-0.513541176
"plate14","Sample",3,10,-1.061205976
"plate14","Sample",3,11,1.105554927
"plate14","Sample",3,12,1.791809121
"plate14","MISC",4,1,NA
"plate14","Negative Control",4,2,0.530801603
"plate14","Sample",4,3,-0.408847658
"plate14","Sample",4,4,0.621189939
"plate14","Sample",4,5,1.252157434
"plate14","Sample",4,6,0.790952208
"plate14","Sample",4,7,-0.107181787
"plate14","Sample",4,8,-0.901890524
"plate14","Sample",4,9,-2.060420447
"plate14","Sample",4,10,-2.236350826
"plate14","Sample",4,11,0.688884508
"plate14","Sample",4,12,0.895126862
"plate14","MISC",5,1,NA
"plate14","Negative Control",5,2,1.124722793
"plate14","Sample",5,3,-0.797321122
"plate14","Sample",5,4,-0.879180594
"plate14","Sample",5,5,0.940089268
"plate14","Sample",5,6,-0.078288856
"plate14","Sample",5,7,-0.75176464
"plate14","Sample",5,8,0.758949989
"plate14","Sample",5,9,-1.689088571
"plate14","Sample",5,10,0.37342175
"plate14","Sample",5,11,1.537713147
"plate14","Sample",5,12,1.852046913
"plate14","MISC",6,1,NA
"plate14","Negative Control",6,2,0.526734258
"plate14","Sample",6,3,-0.719579538
"plate14","Sample",6,4,0.448922445
"plate14","Sample",6,5,0.267277302
"plate14","Sample",6,6,-0.442264754
"plate14","Sample",6,7,-3.183786149
"plate14","Sample",6,8,-2.227300642
"plate14","Sample",6,9,-3.621141091
"plate14","Sample",6,10,0.159207573
"plate14","Sample",6,11,1.417704702
"plate14","Sample",6,12,1.42120729
"plate14","MISC",7,1,NA
"plate14","Positive Control",7,2,-4.839503219
"plate14","Sample",7,3,-2.014120656
"plate14","Sample",7,4,-0.684575016
"plate14","Sample",7,5,-0.56023466
"plate14","Sample",7,6,-1.15111126
"plate14","Sample",7,7,-1.676119183
"plate14","Sample",7,8,-3.63912458
"plate14","Sample",7,9,-5.177358466
"plate14","Sample",7,10,0.879041064
"plate14","Sample",7,11,0.311312342
"plate14","Sample",7,12,1.690262509
"plate14","MISC",8,1,NA
"plate14","Positive Control",8,2,-6.249703255
"plate14","Sample",8,3,-1.60237894
"plate14","Sample",8,4,0.762079734
"plate14","Sample",8,5,1.178942387
"plate14","Sample",8,6,-0.472020084
"plate14","Sample",8,7,-0.790211641
"plate14","Sample",8,8,-0.899822404
"plate14","Sample",8,9,-0.368047298
"plate14","Sample",8,10,1.712978458
"plate14","Sample",8,11,0.726774954
"plate14","Sample",8,12,1.388905547
"plate15","MISC",1,1,NA
"plate15","MISC",1,2,NA
"plate15","Sample",1,3,1.23624142
"plate15","Sample",1,4,1.106079083
"plate15","Sample",1,5,2.283665461
"plate15","Sample",1,6,0.511320342
"plate15","Sample",1,7,1.539926096
"plate15","Sample",1,8,1.118613379
"plate15","Sample",1,9,0.689667053
"plate15","Sample",1,10,0.58962879
"plate15","Sample",1,11,1.104287546
"plate15","Sample",1,12,2.058002986
"plate15","MISC",2,1,NA
"plate15","Negative Control",2,2,0.20315982
"plate15","Sample",2,3,0.288919869
"plate15","Sample",2,4,1.00359109
"plate15","Sample",2,5,0.810966155
"plate15","Sample",2,6,1.76896465
"plate15","Sample",2,7,1.123981762
"plate15","Sample",2,8,1.14186141
"plate15","Sample",2,9,0.516928459
"plate15","Sample",2,10,-0.000969098
"plate15","Sample",2,11,0.247058848
"plate15","Sample",2,12,2.283665461
"plate15","MISC",3,1,NA
"plate15","Negative Control",3,2,0.7761551
"plate15","Sample",3,3,-1.267498339
"plate15","Sample",3,4,1.76383976
"plate15","Sample",3,5,-1.136365637
"plate15","Sample",3,6,-0.24560416
"plate15","Sample",3,7,-4.440619804
"plate15","Sample",3,8,-0.591444048
"plate15","Sample",3,9,-0.300997792
"plate15","Sample",3,10,0.269907761
"plate15","Sample",3,11,0.827425218
"plate15","Sample",3,12,1.025230406
"plate15","MISC",4,1,NA
"plate15","Negative Control",4,2,-0.534882959
"plate15","Sample",4,3,-1.62263109
"plate15","Sample",4,4,0.871220995
"plate15","Sample",4,5,0.541204183
"plate15","Sample",4,6,-0.933656791
"plate15","Sample",4,7,0.359039385
"plate15","Sample",4,8,0.273712264
"plate15","Sample",4,9,1.125770762
"plate15","Sample",4,10,0.441966852
"plate15","Sample",4,11,0.496354291
"plate15","Sample",4,12,1.574610037
"plate15","MISC",5,1,NA
"plate15","Negative Control",5,2,-0.458487825
"plate15","Sample",5,3,-0.595492947
"plate15","Sample",5,4,-0.444460726
"plate15","Sample",5,5,-1.640082479
"plate15","Sample",5,6,0.29081965
"plate15","Sample",5,7,0.302212886
"plate15","Sample",5,8,0.914879193
"plate15","Sample",5,9,-0.778925196
"plate15","Sample",5,10,-0.251528642
"plate15","Sample",5,11,1.543398387
"plate15","Sample",5,12,1.414342275
"plate15","MISC",6,1,NA
"plate15","Negative Control",6,2,-0.591444048
"plate15","Sample",6,3,0.535605855
"plate15","Sample",6,4,1.359920011
"plate15","Sample",6,5,0.300314662
"plate15","Sample",6,6,0.430687656
"plate15","Sample",6,7,0.931215724
"plate15","Sample",6,8,1.037837799
"plate15","Sample",6,9,-0.145272453
"plate15","Sample",6,10,-0.380516523
"plate15","Sample",6,11,-1.462236176
"plate15","Sample",6,12,1.733050668
"plate15","MISC",7,1,NA
"plate15","Positive Control",7,2,-9.502928542
"plate15","Sample",7,3,-2.590829783
"plate15","Sample",7,4,1.787739763
"plate15","Sample",7,5,1.018021044
"plate15","Sample",7,6,1.403825552
"plate15","Sample",7,7,1.985884623
"plate15","Sample",7,8,2.006048352
"plate15","Sample",7,9,0.324971376
"plate15","Sample",7,10,-0.362585098
"plate15","Sample",7,11,-0.468515856
"plate15","Sample",7,12,1.480764013
"plate15","MISC",8,1,NA
"plate15","Positive Control",8,2,-7.179462442
"plate15","Sample",8,3,-1.798139005
"plate15","Sample",8,4,0.8292528
"plate15","Sample",8,5,1.082771069
"plate15","Sample",8,6,0.947533074
"plate15","Sample",8,7,1.268149759
"plate15","Sample",8,8,1.291149195
"plate15","Sample",8,9,0.490737864
"plate15","Sample",8,10,1.88631853
"plate15","Sample",8,11,0.849340358
"plate15","Sample",8,12,2.047962397
"plate16","MISC",1,1,NA
"plate16","MISC",1,2,NA
"plate16","Sample",1,3,0.710319789
"plate16","Sample",1,4,0.534664374
"plate16","Sample",1,5,0.09524286
"plate16","Sample",1,6,-0.226721687
"plate16","Sample",1,7,-0.210501789
"plate16","Sample",1,8,0.144153901
"plate16","Sample",1,9,0.798703965
"plate16","Sample",1,10,0.464303923
"plate16","Sample",1,11,0.824052612
"plate16","Sample",1,12,0.090499145
"plate16","MISC",2,1,NA
"plate16","Negative Control",2,2,-0.595796585
"plate16","Sample",2,3,-1.333521821
"plate16","Sample",2,4,-1.122158494
"plate16","Sample",2,5,-1.525115524
"plate16","Sample",2,6,-0.497500288
"plate16","Sample",2,7,-1.802547348
"plate16","Sample",2,8,-0.187829977
"plate16","Sample",2,9,-0.844193516
"plate16","Sample",2,10,-1.319316824
"plate16","Sample",2,11,-1.038624554
"plate16","Sample",2,12,0.663623638
"plate16","MISC",3,1,NA
"plate16","Negative Control",3,2,0.545336034
"plate16","Sample",3,3,-0.604163173
"plate16","Sample",3,4,-0.365465514
"plate16","Sample",3,5,-0.385180169
"plate16","Sample",3,6,0.180316868
"plate16","Sample",3,7,-2.530825207
"plate16","Sample",3,8,0.972109028
"plate16","Sample",3,9,-1.897059802
"plate16","Sample",3,10,-0.784592586
"plate16","Sample",3,11,-0.295080928
"plate16","Sample",3,12,0.387363662
"plate16","MISC",4,1,NA
"plate16","Negative Control",4,2,0.221068511
"plate16","Sample",4,3,-1.062929792
"plate16","Sample",4,4,0.696781183
"plate16","Sample",4,5,-0.213744049
"plate16","Sample",4,6,0.066752959
"plate16","Sample",4,7,1.224092446
"plate16","Sample",4,8,0.827031357
"plate16","Sample",4,9,0.590966635
"plate16","Sample",4,10,0.09524286
"plate16","Sample",4,11,-0.804994516
"plate16","Sample",4,12,0.405873476
"plate16","MISC",5,1,NA
"plate16","Negative Control",5,2,-0.542385405
"plate16","Sample",5,3,-0.622589821
"plate16","Sample",5,4,-0.569061864
"plate16","Sample",5,5,-0.015925635
"plate16","Sample",5,6,-0.499159768
"plate16","Sample",5,7,-1.162388089
"plate16","Sample",5,8,-0.255971773
"plate16","Sample",5,9,-1.266194412
"plate16","Sample",5,10,-0.446167671
"plate16","Sample",5,11,-0.393403989
"plate16","Sample",5,12,-0.406573603
"plate16","MISC",6,1,NA
"plate16","Negative Control",6,2,0.424355345
"plate16","Sample",6,3,-0.754053306
"plate16","Sample",6,4,0.505651456
"plate16","Sample",6,5,-0.398340934
"plate16","Sample",6,6,-0.721899842
"plate16","Sample",6,7,-0.711763637
"plate16","Sample",6,8,0.180316868
"plate16","Sample",6,9,-0.386824491
"plate16","Sample",6,10,0.487292014
"plate16","Sample",6,11,0.574255158
"plate16","Sample",6,12,0.436661106
"plate16","MISC",7,1,NA
"plate16","Positive Control",7,2,-8.527998997
"plate16","Sample",7,3,-0.161970649
"plate16","Sample",7,4,1.192334714
"plate16","Sample",7,5,-0.123283794
"plate16","Sample",7,6,0.28349963
"plate16","Sample",7,7,-0.399987025
"plate16","Sample",7,8,1.274446919
"plate16","Sample",7,9,-0.184594572
"plate16","Sample",7,10,0.178746785
"plate16","Sample",7,11,-0.529068945
"plate16","Sample",7,12,1.39730235
"plate16","MISC",8,1,NA
"plate16","Positive Control",8,2,-7.675774246
"plate16","Sample",8,3,1.468167173
"plate16","Sample",8,4,1.39730235
"plate16","Sample",8,5,1.228416669
"plate16","Sample",8,6,0.979465049
"plate16","Sample",8,7,0.640964616
"plate16","Sample",8,8,0.88200781
"plate16","Sample",8,9,1.173529981
"plate16","Sample",8,10,1.334600137
"plate16","Sample",8,11,0.306829455
"plate16","Sample",8,12,1.185105543
"plate17","MISC",1,1,NA
"plate17","MISC",1,2,NA
"plate17","Sample",1,3,-1.089555911
"plate17","Sample",1,4,-0.497392254
"plate17","Sample",1,5,0.144435813
"plate17","Sample",1,6,1.381046296
"plate17","Sample",1,7,-0.083713422
"plate17","Sample",1,8,1.06848727
"plate17","Sample",1,9,0.140077481
"plate17","Sample",1,10,1.61419493
"plate17","Sample",1,11,0.994089266
"plate17","Sample",1,12,1.713698561
"plate17","MISC",2,1,NA
"plate17","Negative Control",2,2,-0.247962037
"plate17","Sample",2,3,-0.989009425
"plate17","Sample",2,4,-0.599579433
"plate17","Sample",2,5,0.461710221
"plate17","Sample",2,6,0.222692647
"plate17","Sample",2,7,-1.481069454
"plate17","Sample",2,8,1.193801703
"plate17","Sample",2,9,-4.919766141
"plate17","Sample",2,10,-0.649765223
"plate17","Sample",2,11,-0.03739397
"plate17","Sample",2,12,0.58525979
"plate17","MISC",3,1,NA
"plate17","Negative Control",3,2,-2.358286281
"plate17","Sample",3,3,-0.595024529
"plate17","Sample",3,4,-0.156760695
"plate17","Sample",3,5,-0.017581886
"plate17","Sample",3,6,-0.26135029
"plate17","Sample",3,7,-0.522313881
"plate17","Sample",3,8,-0.328452404
"plate17","Sample",3,9,-1.645119393
"plate17","Sample",3,10,-0.638346162
"plate17","Sample",3,11,-1.249800866
"plate17","Sample",3,12,-1.901627693
"plate17","MISC",4,1,NA
"plate17","Negative Control",4,2,-0.780495263
"plate17","Sample",4,3,-0.723031977
"plate17","Sample",4,4,0.043906397
"plate17","Sample",4,5,0.850563574
"plate17","Sample",4,6,0.296267951
"plate17","Sample",4,7,-1.174200636
"plate17","Sample",4,8,0.555520741
"plate17","Sample",4,9,-1.084865934
"plate17","Sample",4,10,-0.096971092
"plate17","Sample",4,11,-0.968040914
"plate17","Sample",4,12,1.767185957
"plate17","MISC",5,1,NA
"plate17","Negative Control",5,2,-0.425102919
"plate17","Sample",5,3,0.804542195
"plate17","Sample",5,4,-0.059434891
"plate17","Sample",5,5,-0.551814558
"plate17","Sample",5,6,-0.801230358
"plate17","Sample",5,7,-0.362104451
"plate17","Sample",5,8,0.506548912
"plate17","Sample",5,9,-0.497392254
"plate17","Sample",5,10,0.927679385
"plate17","Sample",5,11,0.794065148
"plate17","Sample",5,12,0.194475357
"plate17","MISC",6,1,NA
"plate17","Negative Control",6,2,-1.313854819
"plate17","Sample",6,3,0.410318721
"plate17","Sample",6,4,0.294108574
"plate17","Sample",6,5,0.373820854
"plate17","Sample",6,6,0.218354616
"plate17","Sample",6,7,-0.755187147
"plate17","Sample",6,8,0.030749309
"plate17","Sample",6,9,0.070189636
"plate17","Sample",6,10,-0.499656326
"plate17","Sample",6,11,0.989946347
"plate17","Sample",6,12,0.150971187
"plate17","MISC",7,1,NA
"plate17","Positive Control",7,2,-11.77024976
"plate17","Sample",7,3,-0.245731701
"plate17","Sample",7,4,0.931837719
"plate17","Sample",7,5,0.710012214
"plate17","Sample",7,6,1.089094921
"plate17","Sample",7,7,-0.268048428
"plate17","Sample",7,8,0.017581886
"plate17","Sample",7,9,0.085502518
"plate17","Sample",7,10,0.724751932
"plate17","Sample",7,11,0.835934107
"plate17","Sample",7,12,0.869354148
"plate17","MISC",8,1,NA
"plate17","Positive Control",8,2,-14.03163723
"plate17","Sample",8,3,-0.563174809
"plate17","Sample",8,4,1.175371493
"plate17","Sample",8,5,0.320002758
"plate17","Sample",8,6,1.072610827
"plate17","Sample",8,7,-1.921333041
"plate17","Sample",8,8,1.251010903
"plate17","Sample",8,9,-0.513247184
"plate17","Sample",8,10,1.3425472
"plate17","Sample",8,11,1.683909435
"plate17","Sample",8,12,1.158972056
"plate18","MISC",1,1,NA
"plate18","MISC",1,2,NA
"plate18","Sample",1,3,-0.835859118
"plate18","Sample",1,4,-0.97402209
"plate18","Sample",1,5,-0.237915359
"plate18","Sample",1,6,0.941014089
"plate18","Sample",1,7,-0.022547161
"plate18","Sample",1,8,0.628871757
"plate18","Sample",1,9,0.028254934
"plate18","Sample",1,10,0.388841512
"plate18","Sample",1,11,0.554974
"plate18","Sample",1,12,0.693612585
"plate18","MISC",2,1,NA
"plate18","Negative Control",2,2,0.356607829
"plate18","Sample",2,3,-0.164811578
"plate18","Sample",2,4,-1.509340256
"plate18","Sample",2,5,-0.149552809
"plate18","Sample",2,6,0.031709068
"plate18","Sample",2,7,-1.378044515
"plate18","Sample",2,8,0.304139078
"plate18","Sample",2,9,-4.987684561
"plate18","Sample",2,10,-0.272298613
"plate18","Sample",2,11,0.210784452
"plate18","Sample",2,12,0.032860174
"plate18","MISC",3,1,NA
"plate18","Negative Control",3,2,0.1620653
"plate18","Sample",3,3,0.653740041
"plate18","Sample",3,4,-1.343506438
"plate18","Sample",3,5,-0.098084674
"plate18","Sample",3,6,0.88317953
"plate18","Sample",3,7,0.537504382
"plate18","Sample",3,8,-0.510358818
"plate18","Sample",3,9,-0.466639444
"plate18","Sample",3,10,-0.944704596
"plate18","Sample",3,11,-0.080600792
"plate18","Sample",3,12,-0.075943727
"plate18","MISC",4,1,NA
"plate18","Negative Control",4,2,0.386621926
"plate18","Sample",4,3,-0.217816032
"plate18","Sample",4,4,-0.164811578
"plate18","Sample",4,5,0.692537095
"plate18","Sample",4,6,-0.0017324
"plate18","Sample",4,7,-1.276112883
"plate18","Sample",4,8,-0.367784067
"plate18","Sample",4,9,-2.377878704
"plate18","Sample",4,10,-1.202646128
"plate18","Sample",4,11,-0.572632982
"plate18","Sample",4,12,0.642935556
"plate18","MISC",5,1,NA
"plate18","Negative Control",5,2,0.065035937
"plate18","Sample",5,3,0.470612081
"plate18","Sample",5,4,-0.934527888
"plate18","Sample",5,5,0.060445912
"plate18","Sample",5,6,0.638610399
"plate18","Sample",5,7,0.039763948
"plate18","Sample",5,8,-1.367404344
"plate18","Sample",5,9,-1.035492605
"plate18","Sample",5,10,-2.369033669
"plate18","Sample",5,11,-1.105114569
"plate18","Sample",5,12,-0.204832685
"plate18","MISC",6,1,NA
"plate18","Negative Control",6,2,0.0017324
"plate18","Sample",6,3,-0.335452804
"plate18","Sample",6,4,0.792052265
"plate18","Sample",6,5,0.462906403
"plate18","Sample",6,6,0.501373881
"plate18","Sample",6,7,-1.107702757
"plate18","Sample",6,8,-0.26280143
"plate18","Sample",6,9,0.148425585
"plate18","Sample",6,10,-0.811975284
"plate18","Sample",6,11,-1.180453091
"plate18","Sample",6,12,0.532038685
"plate18","MISC",7,1,NA
"plate18","Positive Control",7,2,-3.696312132
"plate18","Sample",7,3,0.101678355
"plate18","Sample",7,4,-0.024862665
"plate18","Sample",7,5,0.585470523
"plate18","Sample",7,6,0.311971536
"plate18","Sample",7,7,-0.388196071
"plate18","Sample",7,8,0.384401833
"plate18","Sample",7,9,-1.447490842
"plate18","Sample",7,10,-0.896459799
"plate18","Sample",7,11,-0.109758083
"plate18","Sample",7,12,0.886343027
"plate18","MISC",8,1,NA
"plate18","Positive Control",8,2,-3.550470386
"plate18","Sample",8,3,0.806945247
"plate18","Sample",8,4,1.211891622
"plate18","Sample",8,5,1.456555184
"plate18","Sample",8,6,1.294131956
"plate18","Sample",8,7,0.756856875
"plate18","Sample",8,8,0.909510611
"plate18","Sample",8,9,1.340528571
"plate18","Sample",8,10,0.443063721
"plate18","Sample",8,11,0.549518115
"plate18","Sample",8,12,1.488320415
"plate19","MISC",1,1,NA
"plate19","MISC",1,2,NA
"plate19","Sample",1,3,0.334554129
"plate19","Sample",1,4,-1.353935273
"plate19","Sample",1,5,NA
"plate19","Sample",1,6,NA
"plate19","Sample",1,7,NA
"plate19","Sample",1,8,NA
"plate19","Sample",1,9,NA
"plate19","Sample",1,10,NA
"plate19","Sample",1,11,NA
"plate19","Sample",1,12,NA
"plate19","MISC",2,1,NA
"plate19","Negative Control",2,2,-0.914959165
"plate19","Sample",2,3,-2.350680495
"plate19","Sample",2,4,-0.542791383
"plate19","Sample",2,5,NA
"plate19","Sample",2,6,NA
"plate19","Sample",2,7,NA
"plate19","Sample",2,8,NA
"plate19","Sample",2,9,NA
"plate19","Sample",2,10,NA
"plate19","Sample",2,11,NA
"plate19","Sample",2,12,NA
"plate19","MISC",3,1,NA
"plate19","Negative Control",3,2,0.174634884
"plate19","Sample",3,3,0.250615327
"plate19","Sample",3,4,0.645707573
"plate19","Sample",3,5,NA
"plate19","Sample",3,6,NA
"plate19","Sample",3,7,NA
"plate19","Sample",3,8,NA
"plate19","Sample",3,9,NA
"plate19","Sample",3,10,NA
"plate19","Sample",3,11,NA
"plate19","Sample",3,12,NA
"plate19","MISC",4,1,NA
"plate19","Negative Control",4,2,0.591591411
"plate19","Sample",4,3,-0.355098695
"plate19","Sample",4,4,0.950052969
"plate19","Sample",4,5,NA
"plate19","Sample",4,6,NA
"plate19","Sample",4,7,NA
"plate19","Sample",4,8,NA
"plate19","Sample",4,9,NA
"plate19","Sample",4,10,NA
"plate19","Sample",4,11,NA
"plate19","Sample",4,12,NA
"plate19","MISC",5,1,NA
"plate19","Negative Control",5,2,0.711021914
"plate19","Sample",5,3,0.655524296
"plate19","Sample",5,4,0.477754515
"plate19","Sample",5,5,NA
"plate19","Sample",5,6,NA
"plate19","Sample",5,7,NA
"plate19","Sample",5,8,NA
"plate19","Sample",5,9,NA
"plate19","Sample",5,10,NA
"plate19","Sample",5,11,NA
"plate19","Sample",5,12,NA
"plate19","MISC",6,1,NA
"plate19","Negative Control",6,2,-0.085122664
"plate19","Sample",6,3,-1.779911418
"plate19","Sample",6,4,1.391336478
"plate19","Sample",6,5,NA
"plate19","Sample",6,6,NA
"plate19","Sample",6,7,NA
"plate19","Sample",6,8,NA
"plate19","Sample",6,9,NA
"plate19","Sample",6,10,NA
"plate19","Sample",6,11,NA
"plate19","Sample",6,12,NA
"plate19","MISC",7,1,NA
"plate19","Positive Control",7,2,-7.896739072
"plate19","Sample",7,3,-0.012861224
"plate19","Sample",7,4,1.14878622
"plate19","Sample",7,5,NA
"plate19","Sample",7,6,NA
"plate19","Sample",7,7,NA
"plate19","Sample",7,8,NA
"plate19","Sample",7,9,NA
"plate19","Sample",7,10,NA
"plate19","Sample",7,11,NA
"plate19","Sample",7,12,NA
"plate19","MISC",8,1,NA
"plate19","Positive Control",8,2,-8.860988033
"plate19","Sample",8,3,0.309425629
"plate19","Sample",8,4,NA
"plate19","Sample",8,5,NA
"plate19","Sample",8,6,NA
"plate19","Sample",8,7,NA
"plate19","Sample",8,8,NA
"plate19","Sample",8,9,NA
"plate19","Sample",8,10,NA
"plate19","Sample",8,11,NA
"plate19","Sample",8,12,NA
"plate20","MISC",1,1,NA
"plate20","MISC",1,2,NA
"plate20","Sample",1,3,0.906117702
"plate20","Sample",1,4,0.914802646
"plate20","Sample",1,5,NA
"plate20","Sample",1,6,NA
"plate20","Sample",1,7,NA
"plate20","Sample",1,8,NA
"plate20","Sample",1,9,NA
"plate20","Sample",1,10,NA
"plate20","Sample",1,11,NA
"plate20","Sample",1,12,NA
"plate20","MISC",2,1,NA
"plate20","Negative Control",2,2,1.563328767
"plate20","Sample",2,3,1.134594587
"plate20","Sample",2,4,0.389913784
"plate20","Sample",2,5,NA
"plate20","Sample",2,6,NA
"plate20","Sample",2,7,NA
"plate20","Sample",2,8,NA
"plate20","Sample",2,9,NA
"plate20","Sample",2,10,NA
"plate20","Sample",2,11,NA
"plate20","Sample",2,12,NA
"plate20","MISC",3,1,NA
"plate20","Negative Control",3,2,1.71855019
"plate20","Sample",3,3,0.044146018
"plate20","Sample",3,4,-0.373327172
"plate20","Sample",3,5,NA
"plate20","Sample",3,6,NA
"plate20","Sample",3,7,NA
"plate20","Sample",3,8,NA
"plate20","Sample",3,9,NA
"plate20","Sample",3,10,NA
"plate20","Sample",3,11,NA
"plate20","Sample",3,12,NA
"plate20","MISC",4,1,NA
"plate20","Negative Control",4,2,0.885816625
"plate20","Sample",4,3,1.066724164
"plate20","Sample",4,4,0.581078151
"plate20","Sample",4,5,NA
"plate20","Sample",4,6,NA
"plate20","Sample",4,7,NA
"plate20","Sample",4,8,NA
"plate20","Sample",4,9,NA
"plate20","Sample",4,10,NA
"plate20","Sample",4,11,NA
"plate20","Sample",4,12,NA
"plate20","MISC",5,1,NA
"plate20","Negative Control",5,2,1.405989365
"plate20","Sample",5,3,-0.020531069
"plate20","Sample",5,4,-0.188933318
"plate20","Sample",5,5,NA
"plate20","Sample",5,6,NA
"plate20","Sample",5,7,NA
"plate20","Sample",5,8,NA
"plate20","Sample",5,9,NA
"plate20","Sample",5,10,NA
"plate20","Sample",5,11,NA
"plate20","Sample",5,12,NA
"plate20","MISC",6,1,NA
"plate20","Negative Control",6,2,1.619232644
"plate20","Sample",6,3,0.469773772
"plate20","Sample",6,4,0.901288715
"plate20","Sample",6,5,NA
"plate20","Sample",6,6,NA
"plate20","Sample",6,7,NA
"plate20","Sample",6,8,NA
"plate20","Sample",6,9,NA
"plate20","Sample",6,10,NA
"plate20","Sample",6,11,NA
"plate20","Sample",6,12,NA
"plate20","MISC",7,1,NA
"plate20","Positive Control",7,2,-6.905760323
"plate20","Sample",7,3,0.668041591
"plate20","Sample",7,4,0.49520456
"plate20","Sample",7,5,NA
"plate20","Sample",7,6,NA
"plate20","Sample",7,7,NA
"plate20","Sample",7,8,NA
"plate20","Sample",7,9,NA
"plate20","Sample",7,10,NA
"plate20","Sample",7,11,NA
"plate20","Sample",7,12,NA
"plate20","MISC",8,1,NA
"plate20","Positive Control",8,2,-6.363217786
"plate20","Sample",8,3,0.729451912
"plate20","Sample",8,4,NA
"plate20","Sample",8,5,NA
"plate20","Sample",8,6,NA
"plate20","Sample",8,7,NA
"plate20","Sample",8,8,NA
"plate20","Sample",8,9,NA
"plate20","Sample",8,10,NA
"plate20","Sample",8,11,NA
"plate20","Sample",8,12,NA
